relative_path,split,class_name,source_id,file_bytes,sha256,width,height,aspect_ratio,mode,brightness,contrast,sharpness,saturation,high_frequency,pixel_sha256,flip_pixel_sha256,dhash,dhash_flip,exif_datetime,readable,error,group_id,group_size
DLD_FinalDataset_224_spit/test/ALGAL_LEAF_SPOT/to_label_197.jpg,test,ALGAL_LEAF_SPOT,197,9837,879b7f927d2c2d9ac8e5fbc2d84ea5d25e8db281c7d854f319015a0cd45d6fb5,224,224,1.0,RGB,94.79964524872449,49.0007965434832,276.2476477045061,117.23614875637755,3.749892473220825,5c3fa851e9228100f971a5b2b84e88f9b0b263158ec5bbd9ded61f1c5a31d907,e0309f882411c2874afeb35c88b391bc14f271985894f5e9d00244ef849f2faf,14535471582911076749,7845980670323287886,,True,,26,2
DLD_FinalDataset_224_spit/test/HEALTHY_LEAF/to_label_2663.jpg,test,HEALTHY_LEAF,2663,9941,e434c89c08879119c7ac2ccf80758ef0f7266621050171b77b1b615fe9b0975e,224,224,1.0,RGB,130.62826849489795,30.79361590673599,385.25894094973194,115.55845424107143,4.286025047302246,43962aed74644ec5006eaf742f3d06e569fe7c5e7ead63bb52c02b6a0a48c57b,1860901b3dab33db15a88cd0892af2f68bea0e523140701b65d0e5dd61623644,14781545599647029530,5529123922273067943,,True,,517,3
DLD_FinalDataset_224_spit/test/LEAF_BLIGHT/to_label_3212.jpg,test,LEAF_BLIGHT,3212,11879,f53df6087b536e1eecfaf6ff1ca5f989fcb3888ba1bb14fc85bc953a124a5eb1,224,224,1.0,RGB,130.91418207908163,31.45019436389537,551.7479744255418,90.54262994260205,5.266875267028809,57a5e6cd65ebf28c605a817f3f6a0c6b1bbbd3a82c507beaf9ecc7b4fe6fda15,842af18aa1b3ac2e57609097ba847ea5fb3cb2db779d846351571bdcf35e9811,10653997999563421559,3937454640833106705,,True,,632,2
DLD_FinalDataset_224_spit/test/LEAF_BLIGHT/to_label_3222.jpg,test,LEAF_BLIGHT,3222,11879,f53df6087b536e1eecfaf6ff1ca5f989fcb3888ba1bb14fc85bc953a124a5eb1,224,224,1.0,RGB,130.91418207908163,31.45019436389537,551.7479744255418,90.54262994260205,5.266875267028809,57a5e6cd65ebf28c605a817f3f6a0c6b1bbbd3a82c507beaf9ecc7b4fe6fda15,842af18aa1b3ac2e57609097ba847ea5fb3cb2db779d846351571bdcf35e9811,10653997999563421559,3937454640833106705,,True,,632,2
DLD_FinalDataset_224_spit/train/ALGAL_LEAF_SPOT/to_label_196.jpg,train,ALGAL_LEAF_SPOT,196,10121,f113e5c31ecf34d38c762b7f5753e2162500675dd4ae7252200262b35ebea7d2,224,224,1.0,RGB,97.30438855229592,49.01644385356084,319.9094188262005,115.49148995535714,4.040589332580566,d958e77f9fcaee83ae9e1d0c85ffbb35824a6fd0ce255d209cad1f62bbc0b40d,46f9f40f09d914e3da0a13420b07f3b978a016654b7cde35b0f5ea62bd23521d,14499440586868857260,7846332514044176330,,True,,26,2
DLD_FinalDataset_224_spit/train/ALLOCARIDARA_ATTACK/to_label_909.jpg,train,ALLOCARIDARA_ATTACK,909,13593,1488f33effa2b79fd643ef6ad39f25d6801881e021084f6e4d012c4775be312c,224,224,1.0,RGB,124.82437818877551,40.9412914052354,1154.2115668277352,116.02475286989795,7.551855087280273,a0d7f00693601e0008d480e9ff05a31ebacd223e7c98c8f18dfd1545ae3a397a,51b6ebfeed61293da7e4cce8547f9238c0ea16c4bbabe47f2f14b6a11eeca476,7382371107056818649,11038658487874971172,,True,,1980,2
DLD_FinalDataset_224_spit/train/ALLOCARIDARA_ATTACK/to_label_921.jpg,train,ALLOCARIDARA_ATTACK,921,13633,f4337da13d196c782c27e44a87909f1c7431381bd47979854ddc81d3315112a3,224,224,1.0,RGB,122.81361607142857,41.335021990062195,1138.3894741875786,117.84604193239795,7.498394966125488,f892ca9b226cfc5eca13a382517ae791befa81b7988728dc345376e8c3438faa,6a2191153b1e85a3440d33205499c3183930d016848a1838b66b35d47afc1c55,7382371111351270297,11038658492103860836,,True,,1980,2
DLD_FinalDataset_224_spit/train/HEALTHY_LEAF/to_label_2682.jpg,train,HEALTHY_LEAF,2682,10316,ee86f441aff9a052a2b729d3a1be01e767fcb04d5313baf7d83352679d7411c4,224,224,1.0,RGB,124.87418287627551,33.75519397288424,471.65223884781125,117.17055963010205,4.715307235717773,96c07cd3fb2796ca4f73751dea4b8be55d3e9e910be3132628942a702993f751,2a92a58b7f7cc7542b1cda3aa8f0edc9734ed20d7c42874ec5132836270790d0,14781545599647029530,5529123922289845927,,True,,517,3
DLD_FinalDataset_224_spit/train/HEALTHY_LEAF/to_label_2683.jpg,train,HEALTHY_LEAF,2683,10411,14a74a1f98aab6424710d45acd30ec3965d449e31eb2245f577ce4aa46ca456a,224,224,1.0,RGB,125.43048469387755,34.14986909030502,482.45435123054347,114.72377232142857,4.765295028686523,add63bc05b1ab1261644ac502e31e965d4cc506219d78d8af8539dcc92b4ec00,81c2a2c7eb519ec63dc142f816734409f2a6a4f0eea80f11d7f8dff3cd22471d,14781615968257022232,5529123922289845927,,True,,517,3
